{
	"owo": "Rawr x3 nuzzles how are you pounces on you you're so warm o3o notices you have a bulge o: someone's happy ;) nuzzles your necky wecky~ murr~ hehehe rubbies your bulgy wolgy you're so big :oooo rubbies more on your bulgy wolgy it doesn't stop growing ·///· kisses you and lickies your necky daddy likies (; nuzzles wuzzles I hope daddy really likes $: wiggles butt and squirms I want to see your big daddy meat~ wiggles butt I have a little itch o3o wags tail can you please get my itch~ puts paws on your chest nyea~ its a seven inch itch rubs your chest can you help me pwease squirms pwetty pwease sad face I need to be punished runs paws down your chest and bites lip like I need to be punished really good~ paws on your bulge as I lick my lips I'm getting thirsty. I can go for some milk unbuttons your pants as my eyes glow you smell so musky :v licks shaft mmmm~ so musky drools all over your cock your daddy meat I like fondles Mr. Fuzzy Balls hehe puts snout on balls and inhales deeply oh god im so hard~ licks balls punish me daddy~ nyea~ squirms more and wiggles butt I love your musky goodness bites lip please punish me licks lips nyea~ suckles on your tip so good licks pre of your cock salty goodness~ eyes role back and goes balls deep mmmm~ moans and suckles",
	"tobefair": "To be fair, you have to have a very high IQ to understand Rick and Morty. The humour is extremely subtle, and without a solid grasp of theoretical physics most of the jokes will go over a typical viewer's head. There's also Rick's nihilistic outlook, which is deftly woven into his characterisation- his personal philosophy draws heavily from Narodnaya Volya literature, for instance. The fans understand this stuff; they have the intellectual capacity to truly appreciate the depths of these jokes, to realise that they're not just funny- they say something deep about LIFE. As a consequence people who dislike Rick & Morty truly ARE idiots- of course they wouldn't appreciate, for instance, the humour in Rick's existential catchphrase ''Wubba Lubba Dub Dub,'' which itself is a cryptic reference to Turgenev's Russian epic Fathers and Sons. I'm smirking right now just imagining one of those addlepated simpletons scratching their heads in confusion as Dan Harmon's genius wit unfolds itself on their television screens. What fools.. how I pity them. And yes, by the way, i DO have a Rick & Morty tattoo. And no, you cannot see it. It's for the ladies' eyes only- and even then they have to demonstrate that they're within 5 IQ points of my own (preferably lower) beforehand. Nothin personnel kid ",
	"shrekrap": "Fee fee fi fi fo fo fum, Shrek ain't no average ogre son. I got a donkey who's wonkey and I live in a swamp. If you're feelin' this ogre let me hear you stomp. Say Shrek, Shrek oh how'd you get so green. Shrek, Shrek yo what's your favorite cuisine. I eat frogs, and dogs, and dung beetle pie. Sometimes I eat my son and I don't know why. Gimme mud, be my bud, but dont be a dud. I'm rockin' this vest 'cause I'm original stud.",
	"shreklovelife": "I was only nine years old. I loved Shrek so much, I had all the merchandise and movies. I'd pray to Shrek every night before I go to bed, thanking for the life I've been given. ''Shrek is love'', I would say, ''Shrek is life''. My dad hears me and calls me a faggot. I knew he was just jealous for my devotion of Shrek. I called him a cunt. He slaps me and sends me to go to sleep. I'm crying now and my face hurts. I lay in bed and it's really cold. A warmth is moving towards me. I feel something touch me. It's Shrek. I'm so happy. He whispers in my ear, ''This is my swamp''. He grabs me with his powerful ogre hands, and puts me on my hands and knees. I spread my ass-cheeks for Shrek. He penetrates my butthole. It hurts so much, but I do it for Shrek. I can feel my butt tearing as my eyes start to water. I push against his force. I want to please Shrek. He roars a mighty roar, as he fills my butt with his love. My dad walks in. Shrek looks him straight in the eye, and says, ''It's all ogre now''. Shrek leaves through my window. Shrek is love. Shrek is life.﻿",
	"jotaro": "Yo, Jotaro. You wanna? Nah it's nothing. Nothing............Unless??????? Nah...But maybe, uh..............hmmmmm.....You're kinda (no homo) cute and nice and uh... if you want to....Ummmm.....Maybe....Oh, you know......Ummmmm....Kinda sorta......Uhhhhhh.....(Blushes and cums pants) This is awkward but maybe we could ummm...You know, no homo and all that stuff but......We could...If you wanna....Haha this is so weird and not REALLY what I want but uhhh.....Maybe we could....No Homo but maybe brush our hands against one another really quick.....Or maybe even....Hold hands......Kinda kiss too....But it wouldn't be gay!!!...But we could maybe hug too? Maybe we could even....Perform rough unprotected gay anal sex? Oh I'd love for you to fuck me like a toy, Jotaro. Teach me what for, big guy. I'm ready, my sweet. Fill me up and drain yourself inside of me. I'll be your pretty princess if you tell me to as long as I make you happy. I want you to ram me until you fall asleep, then I'll stroke your huge chest and cuddle with you until I pass out from the hot, spicy cummies you dumped inside of me. I hope you love me the same way, Jotaro. I want you to fill me with your seed and make me lay an egg for you, my beautiful prince. Lets go, Jotaro. Pound me like I'm a blond person who called you useless ",
	"transcoochie": "I'm trying:cry: to get me some trans:robot: pussy :smiley_cat::sweat_drops:. Like shit:poop: it ain't natural:seedling:but that coochie:stuck_out_tongue::sweat_drops: be custom:ok_hand:built:robot:. Probably got some velvet :heart_eyes:heated:fire:interiors. Auto :triumph:lavender-scented:cherry_blossom: lube dispensers:sweat_drops: so that coochie:smiley_cat: staying wet:ocean: but not smelling:nauseated_face: like a zoo. Little robo:robot: hands:raised_hands: that reach:wave:out and cradle:heart_eyes: your balls:basketball::baseball: while you hamming:hammer: on that pseudo-snatch. A drain:droplet: vacuum for all:thumbsup:the nuts:eggplant::sweat_drops: you blast:boom:in there so you ain't:cyclone:🌪️stirring your own porridge for round 2:nauseated_face:. You guy be hating:sleepy:on trans:rainbow: people, even:open_mouth:during their own:last_quarter_moon:month, but there's all:star2:kinds of potential there. Fuck:anger:all that normal:nauseated_face:sloppy coochie, get yourself some trans:robot:super:boom: coochie. They're called:rainbow: trans because that:smiley_cat: pussy be transforming:space_invader:your life.",
	"costcoass": "The top 10 reasons why Costco can eat my ass. Number 10, they're too damn big. Like, why are they so big? Number 9, I can't find shit. That goes with number 10 of how they're too damn big. They're fucking... big can't find shit. There's shit everywhere, there's shit nowhere. Number 8, why is everything so fucking big. I just want a god damn small box of cereal and all they're giving me is family packs. I don't want family packs! And if I do find a small pack of cereal, all it's in is a fucking bundle! So you have to buy 20 of them, in one go! It's like what the FUCK! It's huge. Oh uh number 7, why is it so expensive? I only have like, 3 bucks in my account. I want cereal! Why do I have to spend like 200 bucks on 20 packs of cereal like... c'mon! Then we go to number 6 and then we got fucking... food court! Like, the lines are too long. What the fuck? I'm trying to get food and the food court lines are just too fucking long! Number 5 is white people. Fucking they're a sin! Like walk in there, and fucking Karen's like, ''Oh little Timmy! Let's go to the cereal section and find you some Wheat Thins.''. Bitch I don't want some fucking Wheat Thins! I want my Mini Wheat! Regular size. I only have 2 bucks! C'mon bitch. Why don't you take me to a better store! Number 4, people in the food court lines fucking decide what you want! There's pizza, there's salad, there's fries, there's ice cream. That's it. I think there's a sandwich too but who the fuck gets a sandwich at a food court line at Costco. God damnit! Get some better fucking food choices! Number 3, the food court options are shit! Every time I eat food court food I almost shit my pants with how bad it tastes. My rectum has never been the same ever since I ate a pizza. Fucking shit slid out! What the fuck, shits not supposed to do that! Now onto number 2, they're so fucking big! They don't have my brand! I want my cereal brand but they don't have it. AHHHHH! I just want my food, please! Costco.",
	"whycringe": "Bro I want to say that you just posted cringe but you are cringe. Everything about you is cringy. God it hurts even being in the same server as you, cuz ive never seen as much cringe before. I could go on and on about how cringy you are, but between a pile of shit and you, I'd go for the shit because at least it doesn't post some hella gay meme from 2 years ago. Im pretty sure you think a Ugandan knuckles meme is the best thing ever created you cringe normie. There are children all over the world that have to live with disabilities from looking at what you posted online. I used to believe God existed before I met you, but even if he did exist he's most likely dead because of you. You rank highest on my list of worst creatures to live, yet you still continue to breathe. You make 2014 mlg pyro look like the best man on Earth. Go back to the dark hole of the internet you came from and die there.",
	"mobileuser": "Lmaaooooooo. r/foundthemobileuser :joy::joy::joy::joy::joy::joy::joy:. Dis nigga got an actual PHOOOOOOONNEEE. lmao let’s laugh at this absolute bufoon due to his possession of a popular mobile device. HAHAHAHAHAHHAHAHAHAHAHA :joy::joy::joy::ok_hand::joy::joy::joy::joy::joy::joy::joy:. Get roasted KID. :flushed::joy::sunglasses::clown::clown::clown::clown::clown::clown::clown::scream::grimacing::grimacing::grimacing::pensive::fearful::clown::handshake::fearful::fearful::fearful::fearful::fearful::handshake::b::pensive::pensive::hugging::sob::sob::left_facing_fist::hugging::flushed::pensive::pensive::grimacing::grimacing::grimacing::grimacing::grimacing::left_facing_fist::sleepy::scream::scream::ok_hand::mask::left_fist::skin-tone-4::flushed::confused::eggplant::mask::rofl::grin::disappointed_relieved::disappointed_relieved::disappointed_relieved::alien::point_left::skin-tone-1::point_left::skin-tone-1::point_right::skin-tone-1::clown::jack_o_lantern::jack_o_lantern::ok_hand::eye::eye::eye::eye::eye::eyes::ear::woman::skin-tone-1::man::man::girl::skin-tone-4::jeans::necktie::kimono::kimono::mans_shoe::kimono::kimono::kimono::bikini::kimono::sandal::sandal::boot::shark::gorilla::camel::leopard::last_quarter_moon_with_face::new_moon_with_face::new_moon_with_face::new_moon_with_face::waxing_crescent_moon::tangerine::tangerine::tangerine::strawberry::melon::eggplant::peach::cherries::watermelon::pear::tangerine::peach::tropical_drink::rugby_football::fork_knife_plate::beer::champagne_glass::beer::tea::peanuts::tea::chocolate_bar::peanuts::tea::tea::peanuts::peanuts::peanuts::peanuts::peanuts::peanuts::peanuts::peanuts::peanuts::peanuts::peanuts::peanuts::tea::tea::tea::tea::tea::slot_machine::game_die::dart::dart::dart::headphones::trumpet::guitar::guitar::violin::violin::performing_arts::art::art::art::second_place::second_place::third_place::second_place::first_place::first_place::first_place::trophy::military_medal::military_medal::trumpet::guitar::guitar:",
	"vsaucecock": "Hey! Vsauce, Michael here.\nNice cock! Or is it?\nWhat is a ''nice cock''?\nWell, ''nice'' means ''pleasant, agreeable, satisfactory''.\n''Cock'' in this context implies a section of the male genitalia.\nSo in this context, ''nice cock'' means a male penis that is pleasant, agreeable, or satisfactory, most likely in reference... to sex.\nIf you like my videos, check out some of my other DONGs using the link in the description. And as always... thanks for watching.",
	"dearliberals": "DEAR LI:b:ERALS\n\nHoly :angel::angel: fucking :clap: shit. I :moneybag::point_left: want :sunglasses::clock2: to :skull: :b:ang the :smile::love_letter: animal crossing dog :dog2: so :night_with_stars: goddamn :b:ad. I can't :point_up_2::relaxed: stand :beach_umbrella: it :no_good::flushed: anymore. :weary::pensive: Every :grimacing: time I :eye: go :runner: to the :clap::tired_face: town :heart_exclamation::heart_exclamation: hall I :two_hearts: get :point_right: a :a: massive :hushed::hushed: erection. :eggplant::muscle: I've :fingers_crossed::footprints: seen :eye: literally every rule :scales::man: 34 :peach: post there :ok_hand::house_with_garden: is of :exclamation::thinking: her online. My :eggplant::point_left: dreams :zzz::dizzy: are :heart_eyes_cat: nothing :clap::clap: :b:ut :peach: constant fucking sex :heart_eyes_cat::heart_eyes_cat: with :handshake: Isa:b:elle. I'm sick :thermometer_face: of :clap: waking up every morning with six nuts :peanuts::peanuts: in my :man: :b:oxers and :pray::clap: knowing :thought_balloon::thought_balloon: that :tongue::arrow_right: those :confounded: are :clap::scream: nuts :chestnut::peanuts: that should've :confused: :b:een :boy::video_camera: :b:usted inside :point_up_2: of :sweat_drops: Isa:b:elle's tight :top: dog pussy. I :bee: want :question::thumbsdown: her :pregnant_woman: to :cherries: have my mutant human/dog :question::person_with_blond_hair: :b:a:b:ies. :sweat_drops::sweat_drops:\n\nFuck, :clap: my fucking :lips: mom :older_woman: caught me with :handshake: the :moneybag::dress: neigh:b:ors :boy::woman: dog. I'd :eye::right_facing_fist: dressed her in :smirk::clap: my sister's :person_with_blond_hair::sneezing_face: skirt and :clap::clap: went to fucking town. :airplane_small: She :girl: hasn't said :speech_balloon: a word to :sweat_drops: me in :clap: 10 hours :thinking: and I'm :eye: worried she's :rabbit:",
	"worstthingseen": "This is, without a doubt, the worst thing I have ever seen. You, your parents, and your entire extended family should be ashamed. No amount of counseling, alcohol, brain damage, or exorcism will ever be enough to let me forget this. Even past the sweet release of death I'll still be haunted by the memories of this nightmare face looking back at me. All I can really say is, I hope that the sun explodes early, for then and only then will all records and memories of this thing be eradicated forever. Good day, good night, and I shall see you on the stairway to hell.",
	"jokermoviereview": "This film is my Black Panther. This movie empowered me. It helped me get over my rejection from the female known as Veronica who’d rather date a Chad instead of a true gentelmen who would treat her well. Amazing cinematography and a great performance from Joaquin Phoenix, who was fortunately moved on from artsy-fartsy hipster trash like Her. Films like the Joker are true art that often get misunderstood by filthy normies who watch MCU kiddie movies instead of challenging, thought-provoking kino like Batman V Superman Dawn of Justice.",
	"spellwrongdude": "yo whats this dude did you just spell a word wrong, most likely a typo or on pourpouse because youre not in a fuxking english class where every word counts, youre actual scum did you know that man? i bet you didnt know that, your mother has been so disapointed with you ever since you came into this world, and this shit youve just pulled here, well thats just the cherry on top of the shit storm youve pulled throughout your whole life. you know where you're gonna end up right? yeah thats right on the fuxking streets, digging for rats in the sewers as every one knows who you are, and they wont even give you the gum caught on the bottom of their shoes to give to you for food, you hear that, rotting gum has more pourpouse in the world as you",
	"dickcuteuwu": "dicks are so cute omg (//•/w/• /)/ when you hold one in your hand and it starts twitching its like its nuzzling you (/w) or when they perk up and look at youlike “ owo nya? :3c” hehe~penis-kun is happy to see me!! ( ^ ワ ^ ) and the most adorable thing ever is when sperm-sama comes out but theyre rlly shy so u have to work hard!!! (@•´⹋´•@) but when penis-kun and sperm-sama meet and theyre blushing and all like “uwaaa~!” (ﾉ◕ヮ◕)ﾉ*:･ﾟhehehe penis-kun is so adorable o͡͡͡╮⁞ ^ ▃ ^ ⁞╭o͡͡͡",
	"fitnessgrampacertest": "The FitnessGram:tm: Pacer Test :page_facing_up:is a multistage aerobic capacity test :page_facing_up:that progressively gets more :chart_with_upwards_trend:difficult as it continues. The 20 meter :straight_ruler:pacer test will begin in 30 seconds. :clock130:Line up :point_up_2:at the start. The running speed starts slowly, :octagonal_sign:but gets faster :white_check_mark:each minute :clock8:after you hear:ear: this signal.:loud_sound: [beep] A single lap should be completed each time :clock1030:you hear :ear:this sound:sound:. [ding] Remember to run in a straight :heavy_minus_sign:line, and run as long as possible. The second time :clock8:you fail :x:to complete :white_check_mark:a lap before the sound, :loud_sound:your test :page_facing_up:is over. The test :page_facing_up:will begin on :on:the word start. On your mark, :curly_loop:get ready, start.:white_check_mark:",
	"jerksin": "I understand completely child. It is a foul deplorable disease that has corroded and corrupted the minds and hearts of many. What was once a tool for survival is now an abused and overrated concept. But what if I told you that there were others like you and I, who detest this vile and infectious concept, and seek to rise above it? I can not promise you the life you once had, but I can promise that you will be free from this, rise above this, become stronger than this. But most people importantly, you will not be alone, scoffed at, or made fun of anymore. Join me, and together our kind will rise above this weak licentious state of being and it’s grotesque society. Join me, and together our kind will secure our place among the pure, and guarantee our place in heaven. Join me, and together our kind will put this act of breeding back in its place; as a means of survival and/or commitment, not an form of status and/or entertainment. Join me, and together our kind will create a future where no one will ever again be subjected, peer pressured, humiliated, cast out, or engrossed by this false idol. The Lust side may offer power, pleasure, and knowledge, but it is inconsequential compared to the raw wisdom, grace, peace, and inner strength of the Virgin and/or Noble side. We are many, but scattered to the far corners of this planet, separated by unpopularity, language, and distance. But there are others like us out there. Only together will we find a chance at being whole again and paving a new way of living. Take some time to think it over, but if you need me or anyone of us, here’s our slogan #WeAreAboveSex",
	"planetonfire": ":hand_splayed: Safety :eyeglasses: glasses :ok_hand: on. :couple: By the :end: end of this :date: century :cupid: if  emissions :incoming_envelope: keep :arrow_upper_right: rising the :airplane_small: average :thermometer: temperature :arrow_down: on :earth_asia: earth  could  go :top: up :repeat: another :clock4: 4 :arrow_right: to :clock8: 8 :hotsprings: degrees. :accept: What  I'm  saying :heavy_check_mark: is :joy: the :earth_americas: planet :earth_africa: is :arrow_up: on  fucking :fire: fire :fire: :cry:. :arrow_double_up: There are a :night_with_stars: lot of :notes: thing :family_mwbb: we  can :hugging: do :arrow_right_hook: to :envelope_with_arrow: put it :airplane_departure: out. Are :unicorn: any of :arrow_up_down: them :dollar: free? :x: No! OF COURSE :anger: NOT :bangbang: :crying_cat_face: Nothing's :money_with_wings: free, you :nerd: idiot :grey_exclamation: :boy::man: Grow the :weary: fuck :arrow_up: up. :persevere: You're not :baby_symbol: children :play_pause: anymore. :man: I :no_entry_sign: didn't  mind :speaking_head: explaining :seedling: photosynthesis :arrow_right_hook: to :nerd: you :watch: when :nerd: you :back: were :boy: 12. :twisted_rightwards_arrows: But  you're  adults :watch: now, :heavy_plus_sign: and :arrow_double_down: this is an actual :scream: crisis, :raised_back_of_hand: got :tm: it :question::exclamation: :hand_splayed: Safety :eyeglasses: glasses :raised_hand: off, :wave: motherfuckers. :wind_blowing_face::dash::fire:",
	"kidsarefuckingstupid": "Huh? Yes their is context. The context is the post to which he replied. Why don't you stop and think before you post silly commints like this, which make you look unentellegent or as if you payed absolutely no attention to the post? Trust me, that's wisdom from life experience. As such, you can send me a tank you in personnel PM (personnel massage) massage so as not to clog up the commint section, and also feel free to give me some awards (platinum strongly preferred (no silver for sure though because that's below me)).",
	"fuckkpop": "kpop= obscenely disgusting overly autistic and feminine singing makes my ears bleed. I'd rather listen to justin bieber before kpop, and I would rather fucking die than listen to justin bieber! I want to go to hell because slayer will be there. But I also feel like kpop is down there as a form of torture. Kpop I despise. Kpop=generic shitty beats as well. Singing over your vocal range above that little crack sucks. It takes no talent.",
	"btsboyband": "https://cdn.seedbot.xyz/bts-is-the-best-boyband.mp4\n\nTank u fans for naming BTS teh best boyband on earth!!! we rove uuuu!!! NOW ON WITH TEH SHOW!! CHIIINNNNGG CHOOOONNNG, CHINNNG CHOOONNNG PIINNG LLLLLIIIIIIINNNNNNGGGG, CHIN- Hold it right there, losers. NANI?? BACK-uh-STREET BOYS??? You're damn right. Best boyband on Earth, huh? Brian how about we punish these fake-ass wannabes for trying to usurp our throne. With pleasure, Nick. Let's break this down. NO... NO PREASE!!!",
	"ps2fknxtreme": "https://cdn.seedbot.xyz/playstation-2-fucking-extreme.mp4\n\nAlright, now that’s a PlayStation 2... otherwise known as a PlayStation TOO FUCKING EXTREME! When you start it up, it scares the shit out of you. (PS2 bootup sound) AAAA! It’s like somebody slammed down all the keys on a piano. Then you get a cool little “whoom.”\n\n''How many games are there?''\n\n''Yeah, how many''\n\nLike, FUCKING A HUNDRED GAMES! (Car sounds) Oh shit! (Gun sounds) OOO! Aaah, BOOM! BOOOM! Got a goddamn bookshelf full of T-T-T-Tony Hawk! 9 360 180 GAH FUCKING unintelligable... BAM-\n\nAlright, son. Here’s the best thing about the PlayStation 2... IT’S GOT BLUE DISKS!\n\nCHOM. CHOM CHOM CHOM CHCHCHCHCH-\n \n Got a PlayStation 2. PUT THE SHIT IN THE GAME. THE GAME GOT A MILLION SCRATCHES ON THAT SHIT BUT IT STILL WORKS... AAAAAAAA-\n",
	"notnatutorunning": "> ***No, that's not Naruto-running.***\n\nWhat sort of low-standard comparison are you trying to make? He's pumping his arms, so that's what's known as ''running normally''. Naruto running involves leaving your arms behind you for some dumb ass reason; I'm assuming because if you actually reach a respectable velocity without the extra energy provided by pumping your arms, then you can claim superiority provided by ''years of training'' or something similar?\n \n I don't know why I cared enough to comment, anime is dumb and the fans are so rabid about it that arguing about anything related to it is like sweeping a parking lot in the rain.\n",
	"replyto69": "> ***Reply to ''69''\n\nIf you think about it, this entire sub has gone completely mental. Just imagine what this would all look like without the internet medium between us. First, one guy shows everyone a picture, then everybody else begins laughing and parroting phrases back and forth. Everybody in a room, just repeating shit over and over, ''nice'' ''nice'' Then someone takes the picture, and draws something else on top of it; usually something we can all recognize from before. And everybody laughs and parrots the same phrase again, ''nice'' ''nice'' ''nice'' If you imagine it, it looks like we're all in an insane asylum. In fact, that's really all we do here; just drive each other insane. We keep repeating the same shit over and over until one person finally snaps, and everybody agrees and moves onto something else. Then the whole fucking cycle repeats itself. We're all stuck in the Loony Bin and nobody can escape because we just keep feeding into each other's crippling mental illness. And I don't know if I can fucking take it anymore, one of these days I'm just going to lose every last bit of san- Lol I mean Nice.",
	"oogaboogaprofessor": "> ***Ooga booga'd the professor***\n\nA college professor got up and said ''If God really exist then let him knock me out of my chair,'' nothing happened! The class went queit. He said '' now I will give it 2 more minutes.'' A marine vet stood up and punched him in the face knocking him out of his chair, then sat back down. As the professor stood up he looked at his student and asked ''why did you do that!'' The marine said ''God was busy protecting my buddies still fighting for your right to say and do stupid things like this! He sent me!'' Then the whole classroom burst into an uproarious applause. Even the teacher's pet Joshua, whose one goal in life was to get gay married to a Muslim antelope, became awash with patriotism and tearily thanked the Marine for opening his eyes to the fact that things like books, mathematics, and academic consensus were just a bunch of bullshit commie brainwashing.Joshua saw the error of his ways, and dropped out of college, since he realized he didn't need a degree in Transgender Climate Studies. He took out a small loan of a hundred million dollars, and currently owns the most profitable oil drilling company in Yosemite. Everyone lived happily ever after. Everyone except the stupid libtard cucks.",
	"rslashwoooosh": "> ***r/woooooosh***\n \n r/WOW r/kid you just got r/WOOOOOOSHED!!!! :joy::joy::eyes: “Wooosh” r/means you didn’t r/get the r/joke, as in the r/sound r/made when the r/joke “woooshes” over your r/head. I r/bet you’re too r/stupid to r/get it, r/IDIOT!! :triumph::triumph::joy: r/My r/joke was so r/thoughtfully r/crafted and r/took me a r/total of r/3 r/minutes, you r/SHOULD be r/laughing.  r/What’s that? My r/joke is r/bad? I r/think that’s r/just r/because you r/failed. I r/outsmarted you, r/nitwit. In r/conclusion, I am r/posting r/this to the r/community known as “R/Wooooosh” to r/claim my r/internet r/points in your r/embarrassment :smirk:. r/Imbecile. The r/Germans refer to this r/action as r/Schadenfreude, which r/means r/harm-joy :grimacing::astonished:. r/WOW!  Another r/reference I r/had to r/explain to r/you.  I am going to r/cease this r/conversation for I do r/not r/converse with r/simple r/minded r/persons.:smirk::joy:",
	"kfclovekfclife": "> ***KFC is Love, KFC is Life***\n \n I was only 9 years old I loved KFC so much, I had all the merchandise and movies I pray to Sanders every night before bed, thanking him for the life I've been given ''Sanders is love'' I say; ''Sanders is life'' My dad hears me and calls me a fаggоt I know he was just jealous of my devotion for KFC I called him a сunt He slaps me and sends me to go to sleep I'm crying now, and my face hurts I lay in bed and it's really cold Suddenly, a warmth is moving towards me It's Sanders I am so happy He whispers into my ear ''You're Finger Lickin' Good.'' He grabs me with his powerful hands and puts me down onto my hands and knees I'm ready I spread my аss-cheeks for Colonel He penetrates my butt-hole It hurts so much but I do it for Sanders I can feel my butt tearing as my eyes start to water I push against his force I want to please Colonel He roars in a mighty roar as he fills my butt with 11 herbs and spices My dad walks in Sanders looks him straight in the eyes and says ''I’m Lovin’ It.'' Colonel leaves through my window Sanders is love. Sanders is life.",
	"mamasaid": "> ***Mama said...***\n \n You see my momma used to say ''there is a great big world out there. That I needed to stop lifting weights in my room, stop watching tv in the basement, stop playing video games on my Intellivision.'' I have always had that voice in the back of my head. I have moved out on my own and started a family, but I for the past 22 years I just keep coming back to what my momma said.\n\n Well I finally did something about it and used the interwebs at my local buffet style family dining establishment (borrowing my momma's smartphone) and ordered the TP-Link AC1750 Smart WiFi Router, as a companion piece to a modem surfboard. I am not what you would call well with the electronics, but this piece of manufacturing was easy for me to set up and even brought my son and I closer together as we worked on it as a daddy/son project.\n\n Once this was set up the whole family dynamic changed, the kids no longer fight with each other, my wife no longer hollers stuff to me at my face, we watch the entertainment on the tv with the airdropping of shows and movies.\n\n My momma was right... there is a whole great big world out there, and now my family and I can see it wireless from our phones and tablets!",
	"phantomshitter": "> ***The Phantom Shitter***\n\n I used to roll half a bottle of laxative pills into a Crunch wrap supreme and then leave cow pies on peoples door mats. People in my town installed porch cameras to catch the ''Phantom Shitter'' they said it couldn't possibly be one man, the hits were too frequent and too large. It had to be a whole gang of city punks coordinating and making planned precision strikes. I felt like a god among lesser beings in my town. Every time i was at the local diner and i overheard someone screaming about the black slop they found on their porch i felt powerful and unstoppable. I became too arrogant, started striking during the day. That's when they caught me and strung me up in the streets and hit me with rocks. I barely escaped with my life and i had to leave town. Now after all these years, I'm in a new town and I behave well enough. But I've got this nagging feeling, the urge is back, and I'm starting to think that my new town is about to experience a storm."
}