{
  "aa": "It is certian",
  "bb": "It is decidely so",
  "cc": "Without a doubt",
  "dd": "Yes - definitely",
  "ee": "You may rely on it",
  "ff": "As I see it",
  "gg": "Yes",
  "hh": "Most likely",
  "ii": "Outlook good",
  "jj": "Signs point to yes",

  "kk": "Reply hazy, try again",
  "ll": "Ask again later",
  "rrq": "Better not tell you now",
  "nn": "Cannot predict now",
  "oo": "Concerntrate and ask again",

  "pp": "Don't count on it",
  "qq": "My reply is no",
  "rr": "My sources say no",
  "ss": "Outlook not so good",
  "ow": "Very doubtful"
}